{
  "method_internal": "Stratified bootstrap (N=2000, alpha=0.05)",
  "method_external": "DeLong structural components (Hanley-McNeil 1988)",
  "alpha": 0.05,
  "internal": {
    "FedAvg": {
      "auc": 0.7876781439798675,
      "lower": 0.7790309943375211,
      "upper": 0.795851478714589,
      "se": 0.004201018452070557,
      "n_bootstrap": 2000
    },
    "FedProx": {
      "auc": 0.7850549671968301,
      "lower": 0.7764149271614609,
      "upper": 0.7933361652115187,
      "se": 0.004202620597357973,
      "n_bootstrap": 2000
    },
    "FedNova": {
      "auc": 0.7862934657924912,
      "lower": 0.7776728381046379,
      "upper": 0.7944415136033787,
      "se": 0.00422271190256844,
      "n_bootstrap": 2000
    },
    "XGBoost": {
      "auc": 0.7685298723993715,
      "lower": 0.7595201533794056,
      "upper": 0.777230151974419,
      "se": 0.00450989237870324,
      "n_bootstrap": 2000
    }
  },
  "external": {
    "FedProx": {
      "auc": 0.7517732748985054,
      "lower": 0.7506285242029557,
      "upper": 0.7529180255940552,
      "se": 0.000584067209693332
    },
    "FedAvg": {
      "auc": 0.7568636550083389,
      "lower": 0.7557259838822151,
      "upper": 0.7580013261344626,
      "se": 0.000580455118102944
    },
    "FedNova": {
      "auc": 0.7438600511288211,
      "lower": 0.7426906385157254,
      "upper": 0.7450294637419169,
      "se": 0.0005966500518988853
    },
    "XGBoost": {
      "auc": 0.6996186525755277,
      "lower": 0.6984025984728632,
      "upper": 0.7008347066781921,
      "se": 0.0006204471675278127
    }
  },
  "paired_test_fedprox_vs_fedavg_external": {
    "auc1": 0.7517732748985054,
    "auc2": 0.7568636550083389,
    "delta": -0.005090380109833426,
    "z": -26.992922337540968,
    "p_value": 0.0,
    "significant": true
  }
}