{
  "n_cal": 256579,
  "n_test": 1026318,
  "uncalibrated": {
    "ece": 0.3188820447915526,
    "auc": 0.7519805482095703
  },
  "platt": {
    "ece": 0.015502570108730863,
    "auc": 0.7519805482095703,
    "coef": 4.58208952443033,
    "intercept": -4.408419464751346
  },
  "isotonic": {
    "ece": 0.0014579686771607474,
    "auc": 0.7519934760426431
  },
  "temperature": {
    "ece": 0.31046459478437194,
    "auc": 0.7519805609230725,
    "T_optimal": 2.254925648951295
  },
  "subgroup_internal": {
    "Young (18-39)": {
      "n": 5477,
      "ece_raw": 0.04542947608772825,
      "ece_platt": 0.03521017155854838
    },
    "Elderly (>=60)": {
      "n": 5303,
      "ece_raw": 0.30401574367035256,
      "ece_platt": 0.023877846978409698
    }
  }
}