{
  "xgboost": {
    "auc": 0.7685298723993715,
    "brier": 0.18142270567314872,
    "f1": 0.4616618221910394,
    "sensitivity": 0.7919532324621733,
    "specificity": 0.6259613875372783,
    "ppv": 0.3257886546894893,
    "npv": 0.929495396806899,
    "threshold": 0.3920459449291229,
    "n": 15650,
    "n_pos": 2908
  },
  "logistic_reg": {
    "auc": 0.7794398788829283,
    "brier": 0.19561616222134331,
    "f1": 0.4629401157824808,
    "sensitivity": 0.8387207702888583,
    "specificity": 0.5926856066551561,
    "ppv": 0.3197011403853716,
    "npv": 0.9415284877197357,
    "threshold": 0.41735165514749833,
    "n": 15650,
    "n_pos": 2908
  },
  "fairness": {
    "age_18-39": {
      "auc": 0.6870285258650038,
      "n": 5477,
      "prev": 0.038707323372364044
    },
    "age_40-59": {
      "auc": 0.6663535927664159,
      "n": 4870,
      "prev": 0.18973305821418762
    },
    "age_60+": {
      "auc": 0.6413586562871387,
      "n": 5303,
      "prev": 0.334150493144989
    },
    "bmi_Normal": {
      "auc": 0.7797670421079202,
      "n": 3962,
      "prev": 0.08707723021507263
    },
    "bmi_Overweight": {
      "auc": 0.7584870202082121,
      "n": 5761,
      "prev": 0.1669849008321762
    },
    "bmi_Obese": {
      "auc": 0.7133649709800538,
      "n": 5927,
      "prev": 0.2701197862625122
    },
    "sex_Male": {
      "auc": 0.7647410901228605,
      "n": 7589,
      "prev": 0.20252998173236847
    },
    "sex_Female": {
      "auc": 0.7699572829887517,
      "n": 8061,
      "prev": 0.17007815837860107
    },
    "elderly_gap": 0.04566986957786512,
    "bmi_gap": 0.06640207112786645,
    "sex_gap": 0.005216192865891145
  }
}