{
  "internal": {
    "auc": 0.8010153506287526,
    "ci_low": 0.7824377619802877,
    "ci_high": 0.8186896214671435,
    "brier": 0.186790739675438,
    "f1": 0.49411764705882355,
    "sensitivity": 0.7938144329896907,
    "specificity": 0.6758241758241759,
    "threshold": 0.5176234841346741
  },
  "external": {
    "auc": 0.7487201862773974,
    "ci_low": 0.7475580287487218,
    "ci_high": 0.7498823438060729,
    "brier": 0.3056814387154587,
    "f1": 0.35640262716455706,
    "sensitivity": 0.7199534143315308,
    "specificity": 0.6434976066271653,
    "threshold": 0.6748626828193665,
    "subgroup_auc": {
      "age_18_39": 0.7203719350966367,
      "age_40_59": 0.6962024146670945,
      "age_60_plus": 0.6571570227046675
    },
    "elderly_gap": 0.06321491239196919
  },
  "delta_int_to_ext": 0.05229516435135517
}