{
  "internal": {
    "auc": 0.7808283702061316,
    "ci_low": 0.7620042351794007,
    "ci_high": 0.7988739989453354,
    "brier": 0.1725912108389868,
    "f1": 0.47390396659707723,
    "sensitivity": 0.7800687285223368,
    "specificity": 0.6546310832025117
  },
  "external": {
    "auc": 0.738929014338944,
    "ci_low": 0.7377525410068242,
    "ci_high": 0.7401054876710638,
    "brier": 0.1657272341189456,
    "f1": 0.35038277384136335,
    "sensitivity": 0.6908139616546106,
    "specificity": 0.6539119033766205,
    "subgroup_auc": {
      "age_18_39": 0.7175711192879279,
      "age_40_59": 0.6850274120885915,
      "age_60_plus": 0.6478591966635494
    },
    "elderly_gap": 0.06971192262437853
  },
  "comparison": {
    "full_fl_elderly_gap": 0.054,
    "ablation_elderly_gap": 0.06971192262437853,
    "gap_increase_pct": 29.096153008108395,
    "full_fl_external_auc": 0.757,
    "ablation_external_auc": 0.738929014338944
  }
}