{
  "mu_0_01": {
    "external_auc": 0.7469715163880405,
    "ci_low": 0.7458081140038493,
    "ci_high": 0.7481349187722317,
    "elderly_gap": 0.057279394520937,
    "elderly_auc": 0.6555907355714722,
    "young_auc": 0.7128701300924092
  },
  "mu_0_05": {
    "external_auc": 0.7552340077053019,
    "ci_low": 0.7541023581696822,
    "ci_high": 0.7563656572409216,
    "elderly_gap": 0.05609806711588661,
    "elderly_auc": 0.6665178609365414,
    "young_auc": 0.722615928052428
  },
  "mu_0_10_existing": {
    "external_auc": 0.752,
    "elderly_gap": 0.066
  }
}