{
  "dataset": "BRFSS 2020-2022",
  "n": 1282897,
  "prevalence": 0.13318918645381927,
  "centralised": {
    "metrics": {
      "auc": 0.6996186525755277,
      "brier": 0.3218083807963205,
      "f1": 0.3181794598261006,
      "sensitivity": 0.7357550857972236,
      "specificity": 0.556088914947362,
      "ppv": 0.2029792091501052,
      "npv": 0.9319541608769958,
      "n": 1282897,
      "n_pos": 170868,
      "prevalence": 0.13318918645381927
    },
    "fairness": {
      "age_18-39": 0.655578641357603,
      "age_40-59": 0.6450631560964921,
      "age_60+": 0.5865591691046735,
      "bmi_Normal": 0.6351696768249091,
      "bmi_Overweight": 0.6671649644746,
      "bmi_Obese": 0.6624710443206687,
      "sex_Male": 0.7022662998710675,
      "sex_Female": 0.7064454468278842,
      "elderly_gap": 0.06902
    }
  },
  "federated": {
    "FedAvg": {
      "metrics": {
        "auc": 0.7568636550083387,
        "brier": 0.21717555469471223,
        "f1": 0.35501810709497805,
        "sensitivity": 0.7679436758199312,
        "specificity": 0.6069095320355854,
        "ppv": 0.2308756125240831,
        "npv": 0.9445092869378295,
        "n": 1282897,
        "n_pos": 170868,
        "prevalence": 0.13318918645381927
      },
      "fairness": {
        "age_18-39": 0.7220585492043534,
        "age_40-59": 0.7145074426185708,
        "age_60+": 0.6685305903110006,
        "bmi_Normal": 0.7271045478069407,
        "bmi_Overweight": 0.7205302727459337,
        "bmi_Obese": 0.7102964440227315,
        "sex_Male": 0.762814674154061,
        "sex_Female": 0.7636634693309384,
        "elderly_gap": 0.05353
      }
    },
    "FedProx": {
      "metrics": {
        "auc": 0.7517732748985052,
        "brier": 0.24157277540051433,
        "f1": 0.35280162611669186,
        "sensitivity": 0.7354390523679097,
        "specificity": 0.626052018427577,
        "ppv": 0.23206292104952134,
        "npv": 0.9390269398281343,
        "n": 1282897,
        "n_pos": 170868,
        "prevalence": 0.13318918645381927
      },
      "fairness": {
        "age_18-39": 0.7268640890445722,
        "age_40-59": 0.7079484796428325,
        "age_60+": 0.6612850506329988,
        "bmi_Normal": 0.7256226706599638,
        "bmi_Overweight": 0.7181377277438064,
        "bmi_Obese": 0.7126185903012784,
        "sex_Male": 0.7567923203267037,
        "sex_Female": 0.7597313967451063,
        "elderly_gap": 0.06558
      }
    },
    "FedNova": {
      "metrics": {
        "auc": 0.7438600511288213,
        "brier": 0.26639162074393835,
        "f1": 0.35065773683669155,
        "sensitivity": 0.7182503452957839,
        "specificity": 0.6345580915605619,
        "ppv": 0.23194886488202787,
        "npv": 0.9361333211283264,
        "n": 1282897,
        "n_pos": 170868,
        "prevalence": 0.13318918645381927
      },
      "fairness": {
        "age_18-39": 0.714805606373062,
        "age_40-59": 0.6954071493952834,
        "age_60+": 0.6504088516160688,
        "bmi_Normal": 0.7123190749815025,
        "bmi_Overweight": 0.7017681812856837,
        "bmi_Obese": 0.700951402103694,
        "sex_Male": 0.748819315580535,
        "sex_Female": 0.7555986343759081,
        "elderly_gap": 0.0644
      }
    }
  },
  "published_auc": 0.717
}