{
  "centralised": {
    "age_18-39": 0.6870285258650038,
    "age_40-59": 0.6663535927664159,
    "age_60+": 0.6413586562871387,
    "bmi_Normal": 0.7797670421079202,
    "bmi_Overweight": 0.7584870202082121,
    "bmi_Obese": 0.7133649709800538,
    "sex_Male": 0.7647410901228605,
    "sex_Female": 0.7699572829887517,
    "elderly_gap": 0.04567,
    "bmi_gap": 0.0664,
    "sex_gap": 0.00522
  },
  "federated": {
    "age_18-39": 0.7691196760379151,
    "age_40-59": 0.7019472017254582,
    "age_60+": 0.639107952587626,
    "bmi_Normal": 0.8015061725427031,
    "bmi_Overweight": 0.7621317720817616,
    "bmi_Obese": 0.7483756684665703,
    "sex_Male": 0.7838666495232599,
    "sex_Female": 0.7830861677782028,
    "elderly_gap": 0.13001,
    "bmi_gap": 0.05313,
    "sex_gap": 0.00078
  },
  "published": {
    "age_18-39": 0.742,
    "age_60+": 0.607,
    "elderly_gap": 0.135,
    "bmi_Normal": 0.735,
    "bmi_Obese": 0.698,
    "sex_Male": 0.723,
    "sex_Female": 0.712
  },
  "table": {
    "age_18-39": {
      "published": 0.742,
      "centralised": 0.6870285258650038,
      "federated": 0.7691196760379151
    },
    "age_40-59": {
      "published": null,
      "centralised": 0.6663535927664159,
      "federated": 0.7019472017254582
    },
    "age_60+": {
      "published": 0.607,
      "centralised": 0.6413586562871387,
      "federated": 0.639107952587626
    },
    "bmi_Normal": {
      "published": 0.735,
      "centralised": 0.7797670421079202,
      "federated": 0.8015061725427031
    },
    "bmi_Overweight": {
      "published": null,
      "centralised": 0.7584870202082121,
      "federated": 0.7621317720817616
    },
    "bmi_Obese": {
      "published": 0.698,
      "centralised": 0.7133649709800538,
      "federated": 0.7483756684665703
    },
    "sex_Male": {
      "published": 0.723,
      "centralised": 0.7647410901228605,
      "federated": 0.7838666495232599
    },
    "sex_Female": {
      "published": 0.712,
      "centralised": 0.7699572829887517,
      "federated": 0.7830861677782028
    }
  },
  "fairness_metrics": {
    "eod": {
      "age": {
        "centralised": {
          "0": {
            "tpr": 0.6091549295774648,
            "fpr": 0.22114862664205842,
            "n": 10347
          },
          "1": {
            "tpr": 0.9091422121896162,
            "fpr": 0.772868875672614,
            "n": 5303
          },
          "eod": 0.5517202490305555,
          "threshold": 0.3920459449291229
        },
        "federated": {
          "0": {
            "tpr": 0.6003521126760564,
            "fpr": 0.1941157311909673,
            "n": 10347
          },
          "1": {
            "tpr": 0.968961625282167,
            "fpr": 0.9071084678561314,
            "n": 5303
          },
          "eod": 0.712992736665164,
          "threshold": 0.4598979353904724
        }
      },
      "race": {
        "centralised": {
          "0": {
            "tpr": 0.811531007751938,
            "fpr": 0.38898243925908105,
            "n": 10378
          },
          "1": {
            "tpr": 0.7440758293838863,
            "fpr": 0.34598012646793136,
            "n": 5272
          },
          "eod": 0.0674551783680517,
          "threshold": 0.3920459449291229
        },
        "federated": {
          "0": {
            "tpr": 0.8066860465116279,
            "fpr": 0.352177050757758,
            "n": 10378
          },
          "1": {
            "tpr": 0.8696682464454977,
            "fpr": 0.46589882565492324,
            "n": 5272
          },
          "eod": 0.11372177489716523,
          "threshold": 0.4598979353904724
        }
      }
    },
    "youden_j": {
      "age": {
        "centralised": {
          "global_threshold": 0.3920459449291229,
          "global_j": 0.4179146199994516,
          "subgroups": {
            "Young (<60)": {
              "n": 10347,
              "n_pos": 1136,
              "sensitivity": 0.6091549295774648,
              "specificity": 0.7788513733579416,
              "youden_j": 0.3880063029354064
            },
            "Elderly (>=60)": {
              "n": 5303,
              "n_pos": 1772,
              "sensitivity": 0.9091422121896162,
              "specificity": 0.227131124327386,
              "youden_j": 0.13627333651700213
            }
          }
        },
        "federated": {
          "global_threshold": 0.4598979353904724,
          "global_j": 0.43326886120201213,
          "subgroups": {
            "Young (<60)": {
              "n": 10347,
              "n_pos": 1136,
              "sensitivity": 0.6003521126760564,
              "specificity": 0.8058842688090326,
              "youden_j": 0.4062363814850891
            },
            "Elderly (>=60)": {
              "n": 5303,
              "n_pos": 1772,
              "sensitivity": 0.968961625282167,
              "specificity": 0.0928915321438686,
              "youden_j": 0.0618531574260357
            }
          }
        }
      },
      "race": {
        "centralised": {
          "global_threshold": 0.3920459449291229,
          "global_j": 0.4179146199994516,
          "subgroups": {
            "Non-White": {
              "n": 10378,
              "n_pos": 2064,
              "sensitivity": 0.811531007751938,
              "specificity": 0.611017560740919,
              "youden_j": 0.42254856849285694
            },
            "White (NH)": {
              "n": 5272,
              "n_pos": 844,
              "sensitivity": 0.7440758293838863,
              "specificity": 0.6540198735320687,
              "youden_j": 0.39809570291595486
            }
          }
        },
        "federated": {
          "global_threshold": 0.4598979353904724,
          "global_j": 0.43326886120201213,
          "subgroups": {
            "Non-White": {
              "n": 10378,
              "n_pos": 2064,
              "sensitivity": 0.8066860465116279,
              "specificity": 0.647822949242242,
              "youden_j": 0.45450899575386994
            },
            "White (NH)": {
              "n": 5272,
              "n_pos": 844,
              "sensitivity": 0.8696682464454977,
              "specificity": 0.5341011743450768,
              "youden_j": 0.40376942079057443
            }
          }
        }
      }
    }
  }
}