{
  "FedAvg": {
    "strategy": "FedAvg",
    "rounds": [
      1,
      2,
      3,
      4,
      5,
      6,
      7,
      8,
      9,
      10,
      11,
      12,
      13,
      14,
      15,
      16,
      17,
      18,
      19,
      20,
      21,
      22,
      23,
      24,
      25,
      26,
      27,
      28,
      29,
      30,
      31,
      32,
      33,
      34,
      35,
      36,
      37,
      38,
      39,
      40,
      41,
      42,
      43,
      44,
      45,
      46,
      47,
      48,
      49,
      50
    ],
    "aucs": [
      0.7198228540301578,
      0.763703368534822,
      0.77316446579098,
      0.7751855980190498,
      0.7773208482944878,
      0.7785718017745903,
      0.7795411642162076,
      0.7805737321602336,
      0.7811004131945021,
      0.7811528775397979,
      0.7819120587462491,
      0.7823193591059212,
      0.782296567881846,
      0.7831925369144963,
      0.7835610557596675,
      0.7834436451968029,
      0.7834784325121763,
      0.7837551792348281,
      0.783887433105261,
      0.7840522343010163,
      0.7843937923020771,
      0.7846594200379686,
      0.7849879294222856,
      0.7852341259191785,
      0.7853522651535058,
      0.7854536989198606,
      0.7857360860993882,
      0.7858392470869875,
      0.7860506562685068,
      0.7859846440315762,
      0.786232783652369,
      0.7861313903677621,
      0.7864532472515052,
      0.786273481302938,
      0.7862732788941985,
      0.7866768414391466,
      0.7866548598500297,
      0.7867978413836597,
      0.7871414234721162,
      0.7871169724963767,
      0.7874373045676151,
      0.7878501374328355,
      0.7879249477029793,
      0.787990406689355,
      0.7877805088264245,
      0.7877729387395647,
      0.7877773377561712,
      0.7878602443758976,
      0.7879472396521635,
      0.7876781439798675
    ],
    "final_auc": 0.7876781439798675,
    "best_auc": 0.787990406689355,
    "best_round": 44,
    "runtime_s": 507.3109564781189,
    "weights_path": "D:\\Projects\\diabetes_prediction_project\\federated\\models\\fedavg_weights.pt"
  },
  "FedProx": {
    "strategy": "FedProx (\u03bc=0.1)",
    "rounds": [
      1,
      2,
      3,
      4,
      5,
      6,
      7,
      8,
      9,
      10,
      11,
      12,
      13,
      14,
      15,
      16,
      17,
      18,
      19,
      20,
      21,
      22,
      23,
      24,
      25,
      26,
      27,
      28,
      29,
      30,
      31,
      32,
      33,
      34,
      35,
      36,
      37,
      38,
      39,
      40,
      41,
      42,
      43,
      44,
      45,
      46,
      47,
      48,
      49,
      50
    ],
    "aucs": [
      0.7126247269641043,
      0.7540530460950011,
      0.7633160931464509,
      0.7676196268036237,
      0.7702201742895778,
      0.7718377304787837,
      0.7727950293595226,
      0.7744496533359011,
      0.7753030490636627,
      0.775175774448223,
      0.7755321622629363,
      0.7756844815864181,
      0.7767126505138375,
      0.777859903249702,
      0.7779466961172282,
      0.7786147798969583,
      0.7792055840199219,
      0.779299879504728,
      0.7799422033988691,
      0.7793371227128082,
      0.7797907072042615,
      0.7801368936185005,
      0.7806480566494024,
      0.7809835019065285,
      0.7815512044453492,
      0.7818100582354234,
      0.7820688445559175,
      0.7823402881695923,
      0.7825400521016288,
      0.7828456488166267,
      0.7830622396618793,
      0.7833335483363946,
      0.7833540725825865,
      0.7832804227892161,
      0.7838028667338699,
      0.7838099645336708,
      0.783896770895113,
      0.7839036932740062,
      0.7840725966202168,
      0.7842680694869743,
      0.7842373978159718,
      0.7841307958798002,
      0.784499436170215,
      0.7846110308552962,
      0.7848931211686725,
      0.7847911071639307,
      0.7850425258063047,
      0.7845415102002129,
      0.785023189024718,
      0.7850549671968301
    ],
    "final_auc": 0.7850549671968301,
    "best_auc": 0.7850549671968301,
    "best_round": 50,
    "runtime_s": 285.4487612247467,
    "weights_path": "D:\\Projects\\diabetes_prediction_project\\federated\\models\\fedprox_weights.pt"
  },
  "FedNova": {
    "strategy": "FedNova",
    "rounds": [
      1,
      2,
      3,
      4,
      5,
      6,
      7,
      8,
      9,
      10,
      11,
      12,
      13,
      14,
      15,
      16,
      17,
      18,
      19,
      20,
      21,
      22,
      23,
      24,
      25,
      26,
      27,
      28,
      29,
      30,
      31,
      32,
      33,
      34,
      35,
      36,
      37,
      38,
      39,
      40,
      41,
      42,
      43,
      44,
      45,
      46,
      47,
      48,
      49,
      50
    ],
    "aucs": [
      0.7542966247721957,
      0.7684010594775113,
      0.7708827255637597,
      0.7724659937124829,
      0.7741044519775281,
      0.7755460609963865,
      0.7764553485241001,
      0.7775123809377817,
      0.778727548552729,
      0.7800912167129381,
      0.7803684492165649,
      0.7805890477548607,
      0.7815828881600495,
      0.7823968006896794,
      0.7826284102634077,
      0.7831429737611344,
      0.7835887992509041,
      0.7834912517323489,
      0.7839136517839929,
      0.7840087703976732,
      0.784089639436088,
      0.7842872308476532,
      0.7842067531328014,
      0.7845863774708169,
      0.7850062001845105,
      0.7853331172867427,
      0.7854255506111448,
      0.785590392288648,
      0.7857632223644062,
      0.7856777788884771,
      0.7858351044547843,
      0.7855340956712165,
      0.7858322707324303,
      0.7854564246908868,
      0.7853846775396683,
      0.7853654352154934,
      0.7852964408231332,
      0.7859572243943229,
      0.7862280877696112,
      0.7859702865049829,
      0.7863140979900111,
      0.7863439330382233,
      0.7867809604947797,
      0.7860505078354312,
      0.785850635952067,
      0.7859033701756821,
      0.7859979355388078,
      0.7862157948121614,
      0.7861322404844684,
      0.7857713996774845
    ],
    "final_auc": 0.7857713996774845,
    "best_auc": 0.7867809604947797,
    "best_round": 43,
    "runtime_s": 228.98768043518066,
    "weights_path": "D:\\Projects\\diabetes_prediction_project\\federated\\models\\fednova_weights.pt"
  }
}