{
  "strategy": "FedNova (corrected)",
  "local_epochs": {
    "0": 5,
    "1": 3,
    "2": 4
  },
  "tau_eff": 4.092,
  "rounds": [
    1,
    2,
    3,
    4,
    5,
    6,
    7,
    8,
    9,
    10,
    11,
    12,
    13,
    14,
    15,
    16,
    17,
    18,
    19,
    20,
    21,
    22,
    23,
    24,
    25,
    26,
    27,
    28,
    29,
    30,
    31,
    32,
    33,
    34,
    35,
    36,
    37,
    38,
    39,
    40,
    41,
    42,
    43,
    44,
    45,
    46,
    47,
    48,
    49,
    50
  ],
  "aucs": [
    0.7405357721553367,
    0.7576111083643495,
    0.7648631301307917,
    0.7700315833199654,
    0.7710161264170501,
    0.7729893552434226,
    0.7725520309207148,
    0.7744659135046463,
    0.7755896328510573,
    0.7768943595863046,
    0.7769328712224861,
    0.7776021154789897,
    0.7783449825410318,
    0.7794123647882633,
    0.7801414140803508,
    0.7801755941695055,
    0.7812103616218349,
    0.7813885083004857,
    0.7819877866026788,
    0.7821351266711675,
    0.7826213529453548,
    0.7831520956483309,
    0.783320729116222,
    0.7831605158518969,
    0.783743034710454,
    0.7837672023139584,
    0.7841195014721323,
    0.7847523661311778,
    0.7841207699002335,
    0.7843676815746731,
    0.7845809394226807,
    0.7851021014453172,
    0.7852978441903943,
    0.7851555913282265,
    0.7848868869794939,
    0.7853104205200792,
    0.7852404815536009,
    0.7855163916534624,
    0.7850704986941127,
    0.7851205746162816,
    0.7851061631140246,
    0.785381142133684,
    0.7850162801397408,
    0.7845124308112952,
    0.7851057852843772,
    0.7852758086256133,
    0.7856161791620688,
    0.7862829675258657,
    0.7863031814119903,
    0.7862934657924912
  ],
  "final_auc": 0.7862934657924912,
  "best_auc": 0.7863031814119903,
  "best_round": 49,
  "runtime_s": 186.66610741615295,
  "weights_path": "D:\\Projects\\diabetes_prediction_project\\federated\\models\\fednova_corrected_weights.pt",
  "note": "Corrected from original: heterogeneous local epochs used. Original uniform-epoch FedNova = FedAvg (Wang et al. 2020, Fig 2 left). Epoch counts: Node A=5, Node B=3, Node C=4. tau_eff=4.0920."
}