{
  "strategy": "SCAFFOLD (Option II)",
  "reference": "Karimireddy et al. ICML 2020, arXiv:2003.00295",
  "K_local": 5,
  "eta_local": 0.001,
  "eta_global": 1.0,
  "rounds": [
    1,
    2,
    3,
    4,
    5,
    6,
    7,
    8,
    9,
    10,
    11,
    12,
    13,
    14,
    15,
    16,
    17,
    18,
    19,
    20,
    21,
    22,
    23,
    24,
    25,
    26,
    27,
    28,
    29,
    30,
    31,
    32,
    33,
    34,
    35,
    36,
    37,
    38,
    39,
    40,
    41,
    42,
    43,
    44,
    45,
    46,
    47,
    48,
    49,
    50
  ],
  "aucs": [
    0.606403467655731,
    0.6072847688017209,
    0.6083229097330428,
    0.6091829309735461,
    0.6099354461855074,
    0.610864947599346,
    0.6118148248263009,
    0.6126281436236282,
    0.6134693003696037,
    0.6143500077832907,
    0.6150192655337103,
    0.615871095967219,
    0.6168220662013677,
    0.617565729404452,
    0.6184149690060943,
    0.6192494462636642,
    0.619927448071633,
    0.6208849088793638,
    0.6214523550337812,
    0.6223030114966005,
    0.6229990681641387,
    0.6237733760503934,
    0.624687426930445,
    0.6253065682769477,
    0.6260208957067108,
    0.6268074425747514,
    0.6274609799130646,
    0.6280191152654621,
    0.62865451678071,
    0.6293718938354826,
    0.6300714184394254,
    0.6306692663865258,
    0.6315125416773089,
    0.6322325095639479,
    0.6328890425516066,
    0.6336396281335841,
    0.634313878632913,
    0.6349641909253091,
    0.635503394313599,
    0.6360501542948328,
    0.6366462885146048,
    0.6372939155177227,
    0.6379685708345306,
    0.6385791570383078,
    0.6391946820153304,
    0.639708354914603,
    0.64024696457059,
    0.6408169610751261,
    0.6414098297672333,
    0.6419998917248183
  ],
  "final_auc": 0.6419998917248183,
  "best_auc": 0.6419998917248183,
  "best_round": 50,
  "runtime_s": 5.840984106063843
}