{
  "FedAvg": {
    "global": {
      "0": {
        "tpr": 0.5977112676056338,
        "fpr": 0.18781891217023125,
        "n": 10347
      },
      "1": {
        "tpr": 0.9435665914221218,
        "fpr": 0.842820730671198,
        "n": 5303
      },
      "eod": 0.6550018185009667,
      "threshold": 0.4116423726081848
    },
    "subgroup_specific": {
      "0": {
        "tpr": 0.8125,
        "fpr": 0.3546846162197373,
        "threshold": 0.09146884828805923,
        "name": "Young (<60)"
      },
      "1": {
        "tpr": 0.6427765237020316,
        "fpr": 0.4216935712262815,
        "threshold": 0.6381996273994446,
        "name": "Elderly (>=60)"
      },
      "eod": 0.16972347629796836
    }
  },
  "FedNova": {
    "global": {
      "0": {
        "tpr": 0.5809859154929577,
        "fpr": 0.17924221040060798,
        "n": 10347
      },
      "1": {
        "tpr": 0.9113995485327314,
        "fpr": 0.7907108467856131,
        "n": 5303
      },
      "eod": 0.6114686363850051,
      "threshold": 0.5830253958702087
    },
    "subgroup_specific": {
      "0": {
        "tpr": 0.7869718309859155,
        "fpr": 0.33340571056345675,
        "threshold": 0.3016408681869507,
        "name": "Young (<60)"
      },
      "1": {
        "tpr": 0.7071106094808126,
        "fpr": 0.4893797790994053,
        "threshold": 0.6581051349639893,
        "name": "Elderly (>=60)"
      },
      "eod": 0.15597406853594853
    }
  }
}